{
	"class_name" : "PinholeCameraParameters",
	"extrinsic" : 
	[
		0.0016983921011547532,
		-0.29206527327603504,
		0.9563968797578053,
		0.0,
		-0.99999577211177715,
		-0.0027534726413164148,
		0.00093495827937567976,
		0.0,
		0.0023603437972859517,
		-0.95639442414445752,
		-0.29206871493289066,
		0.0,
		-1.1533306823868354,
		7.5249190356866205,
		13.249527451836338,
		1.0
	],
	"intrinsic" : 
	{
		"height" : 1000,
		"intrinsic_matrix" : 
		[
			866.02540378443871,
			0.0,
			0.0,
			0.0,
			866.02540378443871,
			0.0,
			499.5,
			499.5,
			1.0
		],
		"width" : 1000
	},
	"version_major" : 1,
	"version_minor" : 0
}