{
	"class_name" : "PinholeCameraParameters",
	"extrinsic" : 
	[
		1.0,
		-0.0,
		-0.0,
		0.0,
		0.0,
		-1.0,
		-0.0,
		0.0,
		0.0,
		-0.0,
		-1.0,
		0.0,
		1.6572990417480469,
		3.6528282165527344,
		112.5432070211608,
		1.0
	],
	"intrinsic" : 
	{
		"height" : 1000,
		"intrinsic_matrix" : 
		[
			866.02540378443871,
			0.0,
			0.0,
			0.0,
			866.02540378443871,
			0.0,
			499.5,
			499.5,
			1.0
		],
		"width" : 1000
	},
	"version_major" : 1,
	"version_minor" : 0
}